"ISO";"COUNTRY";"YEAR";"GINI INDEX";"M-THEIL, GE(0)";"DECILE 1 (MEAN INCOME)";"DECILE 2 (MEAN INCOME)";"DECILE 3 (MEAN INCOME)";"DECILE 4 (MEAN INCOME)";"DECILE 5 (MEAN INCOME)";"DECILE 6 (MEAN INCOME)";"DECILE 7 (MEAN INCOME)";"DECILE 8 (MEAN INCOME)";"DECILE 9 (MEAN INCOME)";"DECILE 10 (MEAN INCOME)"
"ABW";"Aruba";"2019";"48.39";"41.63";"5454.43";"10914.14";"14617.7";"18191.07";"22390.68";"27254.43";"33465.66";"42930.22";"60561.31";"144042.26"
"AFG";"Afghanistan";"2019";"45.125";"34.745";"397.16";"688.83";"883.27";"1059.1";"1234.93";"1464.54";"1863.77";"2411.93";"3427.59";"7219.25"
"AGO";"Angola";"2019";"62.42";"86.832";"166.32";"784.51";"1422.75";"2047.7";"2872.1";"3769.63";"5032.82";"6960.85";"10378.12";"33268.5"
"AIA";"Anguilla";"2019";"48.39";"41.63";"3765.83";"7535.3";"10092.3";"12559.42";"15458.9";"18816.91";"23105.25";"29639.74";"41812.54";"99449.18"
"ALB";"Albania";"2019";"35.634";"23.026";"2878.66";"5375.33";"7217.12";"8867.92";"10546.01";"12428.73";"14638.89";"17422.06";"21965.16";"35226.11"
"AND";"Andorra";"2019";"31.078";"15.686";"16093.34";"22760.59";"27266.72";"31405.01";"35635.26";"40647.19";"47038.54";"56096.8";"69707.17";"113527.04"
"ARE";"United Arab Emirates";"2019";"25.96";"11.001";"27173.83";"35773.09";"43210.36";"50651.01";"58432.97";"66761.03";"76044.78";"86966.83";"101370.28";"136252.58"
"ARG";"Argentina";"2019";"39.882";"27.001";"4852.07";"8598.33";"10580.97";"12564.9";"14989.7";"17855.38";"21382.37";"27113.73";"35710.77";"67012.8"
"ARM";"Armenia";"2019";"32.902";"18.152";"4042.41";"6262.31";"7742.25";"9235.89";"10756.93";"12223.16";"14073.08";"16457.42";"20307.99";"35436.2"
"ATG";"Antigua and Barbuda";"2019";"48.39";"41.63";"3137.79";"6278.61";"8409.17";"10464.84";"12880.76";"15678.74";"19251.9";"24696.6";"34839.3";"82863.64"
"AUS";"Australia";"2019";"34.337";"20.437";"12978.39";"22586.11";"27760.26";"32197.96";"37227.35";"43489.44";"50639.06";"60007.53";"74651.94";"131553.08"
"AUT";"Austria";"2019";"30.978";"16.698";"16482.83";"27472.79";"33108.36";"39138.21";"45056.4";"51867.9";"59461.05";"68840.82";"82407.99";"134499.23"
"AZE";"Azerbaijan";"2019";"19.21";"5.871";"8030.02";"9820.13";"10859.19";"11768.94";"12750.89";"13790.6";"15003.59";"16592.04";"19061.35";"26743.65"
"BDI";"Burundi";"2019";"53.377";"50.165";"102.27";"175.96";"245.89";"315.83";"387.26";"477.5";"609.09";"805.35";"1155.02";"3242.47"
"BEL";"Belgium";"2019";"27.106";"12.562";"18190.97";"27744.08";"34649.31";"39688.31";"44623.38";"48935.12";"54597.47";"62285.76";"74493.51";"114233.76"
"BEN";"Benin";"2019";"52.989";"49.472";"445.52";"795.34";"1095.66";"1372.87";"1732.59";"2135.22";"2673.15";"3511.39";"5055.88";"14055.47"
"BFA";"Burkina Faso";"2019";"74.244";"119.389";"106.71";"141.56";"198.12";"296.04";"426.6";"635.48";"1051.04";"1869.08";"3576.96";"13453.47"
"BGD";"Bangladesh";"2019";"48.596";"44.168";"571.19";"1380.38";"1880.17";"2356.16";"2874.99";"3465.22";"4245.84";"5250.19";"7106.55";"18406.59"
"BGR";"Bulgaria";"2019";"41.159";"29.993";"4401.21";"8795.94";"11469.79";"13656.73";"15959.99";"18775.1";"22055.5";"26801.62";"34758.35";"75984.46"
"BHR";"Bahrain";"2019";"34.591";"20.317";"12201.5";"18356.91";"23787.46";"29282.95";"35043.14";"41330.32";"48415.2";"57348.23";"71245.87";"116107.05"
"BHS";"Bahamas, The";"2019";"50.056";"46.913";"4050.08";"8866.4";"12661.08";"16419.26";"21162.6";"26745.15";"33604.76";"42544.13";"58489.06";"139782.65"
"BIH";"Bosnia and Herzegovina";"2019";"35.077";"22.536";"3125.83";"6102.8";"8097.38";"9838.91";"11625.09";"13575.01";"15956.59";"18888.91";"23473.46";"38283.92"
"BLR";"Belarus";"2019";"29.621";"14.604";"6379.22";"9753.03";"11730.79";"13669.76";"15686.29";"17916.11";"20398.0";"23674.86";"28948.87";"44635.16"
"BLZ";"Belize";"2019";"53.084";"52.646";"674.97";"1653.83";"2465.61";"3111.02";"3872.45";"4829.69";"6135.01";"7940.71";"11058.98";"30776.59"
"BMU";"Bermuda";"2019";"40.459";"29.493";"15091.21";"28958.1";"38246.7";"47578.72";"57416.55";"68791.92";"82661.38";"101352.03";"130973.95";"246972.09"
"BOL";"Bolivia";"2019";"42.778";"33.228";"1313.48";"2800.78";"3850.25";"4812.82";"5862.89";"7087.97";"8663.07";"10938.22";"14438.45";"27476.81"
"BRA";"Brazil";"2019";"51.254";"55.639";"976.72";"3078.83";"5232.36";"6601.63";"8828.68";"11319.43";"12760.5";"17436.02";"23931.66";"57472.89"
"BRB";"Barbados";"2019";"56.316";"66.684";"796.84";"2984.07";"4608.91";"6171.25";"7858.58";"9998.99";"12701.84";"17060.77";"24388.16";"69821.06"
"BRN";"Brunei";"2019";"28.074";"12.854";"23536.6";"32067.06";"38542.73";"44520.28";"51494.09";"58281.1";"65753.03";"76026.94";"93025.6";"137732.68"
"BTN";"Bhutan";"2019";"50.366";"47.804";"1294.94";"2910.65";"4003.63";"5239.17";"6629.16";"8363.67";"10799.11";"14351.29";"20517.12";"44538.91"
"BWA";"Botswana";"2019";"57.891";"61.011";"1866.92";"3023.41";"3998.18";"5253.8";"6938.98";"9351.1";"12704.94";"18404.82";"28681.12";"73255.82"
"CAF";"Central African Republic";"2019";"65.642";"96.125";"20.62";"88.85";"180.5";"271.21";"355.39";"470.42";"644.37";"905.3";"1389.74";"5125.03"
"CAN";"Canada";"2019";"32.534";"18.328";"13484.57";"22494.54";"28322.33";"33516.39";"38661.45";"44639.52";"51891.61";"60711.71";"74627.87";"121717.43"
"CHE";"Switzerland";"2019";"33.362";"18.869";"20587.73";"32286.4";"39873.79";"47252.56";"55340.84";"63571.02";"73007.34";"86487.8";"106637.54";"184398.52"
"CHL";"Chile";"2019";"49.735";"44.523";"3272.25";"7178.96";"9488.69";"11657.81";"14218.58";"17253.05";"21117.91";"27329.16";"39377.17";"98782.23"
"CHN";"China";"2019";"43.49";"33.97";"2635.37";"4893.0";"6481.6";"8361.32";"10233.66";"12917.46";"16261.23";"20742.2";"27370.81";"49879.81"
"CIV";"Cote d'Ivoire";"2019";"56.309";"57.049";"594.59";"1053.15";"1501.2";"1944.26";"2569.76";"3205.69";"4050.11";"5426.21";"8074.16";"23706.41"
"CMR";"Cameroon";"2019";"59.44";"75.168";"160.98";"542.82";"890.98";"1265.34";"1748.26";"2294.83";"3009.86";"4050.58";"6042.18";"17422.74"
"COD";"Congo, Democratic Republic of the";"2019";"56.008";"59.461";"92.22";"203.1";"312.88";"429.26";"535.75";"688.35";"906.82";"1224.09";"1770.81";"4816.22"
"COG";"Congo, Republic of the";"2019";"60.893";"80.07";"137.47";"515.39";"881.88";"1259.83";"1733.23";"2248.61";"2924.34";"4020.02";"5921.22";"18615.01"
"COL";"Colombia";"2019";"51.681";"50.603";"1431.14";"3311.95";"4871.9";"6418.07";"8153.86";"10327.25";"12952.82";"16847.42";"23528.05";"58010.57"
"COM";"Comoros";"2019";"58.488";"74.347";"119.41";"462.34";"780.78";"1108.4";"1463.58";"1883.06";"2519.93";"3380.32";"4941.87";"13928.49"
"CPV";"Cape Verde";"2019";"56.411";"60.542";"575.18";"1380.44";"2034.71";"2703.37";"3551.76";"4500.82";"5780.6";"7779.36";"11460.54";"31951.48"
"CRI";"Costa Rica";"2019";"49.304";"43.202";"2947.44";"5472.09";"7364.87";"9469.12";"11783.8";"14729.75";"18727.82";"24830.15";"36193.1";"77857.24"
"CUB";"Cuba";"2019";"48.859";"39.818";"1895.6";"2743.15";"3408.43";"4173.96";"5057.97";"6078.67";"7299.88";"9323.06";"15091.88";"35961.69"
"CUW";"Curacao";"2019";"48.39";"41.63";"3517.51";"7038.42";"9426.81";"11731.25";"14439.53";"17576.11";"21581.68";"27685.28";"39055.4";"92891.45"
"CYM";"Cayman Islands";"2019";"48.39";"41.63";"10574.16";"21158.55";"28338.42";"35265.9";"43407.41";"52836.46";"64877.79";"83226.14";"117406.44";"279245.75"
"CYP";"Cyprus";"2019";"32.694";"17.689";"13762.31";"19871.75";"23368.94";"26948.7";"30729.56";"34510.42";"39819.72";"46577.0";"57276.03";"109403.66"
"CZE";"Czechia";"2019";"25.216";"10.571";"16688.65";"24593.03";"28442.97";"31434.79";"34590.56";"37705.36";"41803.77";"48238.18";"57828.46";"88484.8"
"DEU";"Germany";"2019";"31.721";"17.192";"16241.1";"26156.12";"32191.95";"37476.39";"43084.37";"48584.5";"55648.39";"64599.59";"79428.37";"135885.61"
"DJI";"Djibouti";"2019";"43.741";"34.351";"889.59";"1707.34";"2398.01";"3027.9";"3685.42";"4447.93";"5370.66";"6652.55";"8680.36";"18487.9"
"DMA";"Dominica";"2019";"55.805";"61.428";"912.6";"2355.4";"3637.92";"4871.12";"6338.62";"7917.11";"10038.2";"13318.5";"19570.79";"54729.15"
"DNK";"Denmark";"2019";"26.391";"11.751";"21269.25";"32346.62";"38171.64";"42971.74";"48571.96";"54114.86";"60057.65";"68457.65";"81543.4";"124112.1"
"DOM";"Dominican Republic";"2019";"43.006";"31.067";"4052.23";"6445.38";"8101.57";"9942.84";"11784.1";"14177.75";"17123.77";"21174.56";"28355.5";"62971.3"
"DZA";"Algeria";"2019";"33.483";"18.299";"3757.8";"5145.29";"6301.54";"7573.41";"8775.9";"10163.4";"11735.89";"14025.26";"17389.93";"30351.44"
"ECU";"Ecuador";"2019";"45.369";"35.478";"2051.65";"3532.52";"4671.23";"5810.55";"6949.88";"8544.93";"10481.78";"13444.03";"18343.12";"39876.35"
"EGY";"Egypt";"2019";"35.418";"20.671";"4000.91";"5482.15";"6516.73";"7457.77";"8469.39";"9645.7";"11127.84";"13056.98";"16409.45";"35465.59"
"ERI";"Eritrea";"2019";"54.561";"53.11";"275.59";"475.62";"675.64";"880.12";"1086.81";"1386.85";"1804.68";"2424.76";"3642.7";"9561.26"
"ESP";"Spain";"2019";"34.849";"22.717";"8333.67";"16694.61";"22200.93";"27383.91";"32444.4";"37178.58";"43993.88";"51992.73";"63746.33";"104067.22"
"EST";"Estonia";"2019";"30.453";"15.796";"10997.06";"18232.8";"21905.6";"24598.33";"28419.12";"33804.57";"39335.45";"46795.01";"57929.66";"81981.69"
"ETH";"Ethiopia";"2019";"50.883";"45.419";"325.37";"568.28";"806.73";"1013.98";"1245.75";"1524.32";"1865.28";"2380.08";"3302.69";"9181.57"
"FIN";"Finland";"2019";"27.368";"12.433";"18493.65";"26806.66";"31911.36";"36094.82";"40229.68";"44656.45";"50445.26";"58277.14";"69319.58";"110181.65"
"FJI";"Fiji";"2019";"34.78";"20.206";"3819.69";"5743.29";"7245.03";"8744.45";"10386.0";"12093.98";"14249.04";"17139.98";"21562.36";"35859.09"
"FRA";"France";"2019";"33.829";"19.801";"12660.09";"20890.39";"26684.22";"31100.9";"35839.72";"40946.55";"46651.48";"54058.72";"66618.86";"124726.73"
"FSM";"Micronesia, Federated States of";"2019";"41.386";"29.836";"658.32";"1240.42";"1611.15";"1978.43";"2363.03";"2803.06";"3367.83";"4164.75";"5481.39";"10987.03"
"GAB";"Gabon";"2019";"46.813";"38.054";"2562.93";"4302.06";"5476.74";"6956.53";"8878.73";"11029.76";"14050.36";"18566.0";"26056.47";"51579.0"
"GBR";"United Kingdom";"2019";"33.689";"19.298";"13318.44";"20986.56";"26288.96";"31404.65";"36615.07";"42630.74";"49214.82";"58404.12";"72282.79";"122539.7"
"GEO";"Georgia";"2019";"40.213";"29.229";"2700.39";"5187.17";"7059.78";"8918.41";"10717.08";"12845.5";"14943.95";"18436.37";"24551.85";"44532.08"
"GHA";"Ghana";"2019";"57.161";"71.325";"216.6";"905.29";"1521.78";"2110.49";"2826.95";"3587.84";"4587.55";"6153.75";"8847.41";"24642.79"
"GIN";"Guinea";"2019";"46.933";"37.468";"493.11";"771.94";"1014.63";"1259.89";"1528.4";"1858.86";"2305.5";"2938.03";"3921.68";"9578.29"
"GMB";"Gambia, The";"2019";"51.4";"45.816";"347.64";"566.03";"773.28";"976.07";"1178.86";"1484.16";"1891.98";"2451.32";"3356.08";"9223.66"
"GNB";"Guinea-Bissau";"2019";"50.562";"43.573";"347.86";"513.05";"680.18";"853.14";"1041.65";"1294.28";"1640.2";"2153.25";"2994.73";"7874.54"
"GNQ";"Equatorial Guinea";"2019";"55.866";"66.637";"939.03";"2422.69";"4526.1";"6610.74";"9615.62";"12808.31";"17259.29";"23269.06";"32865.9";"74708.89"
"GRC";"Greece";"2019";"32.25";"17.92";"8319.81";"13602.1";"17044.6";"20310.98";"23725.79";"27526.65";"31594.76";"36880.32";"45194.75";"72780.55"
"GRD";"Grenada";"2019";"47.56";"39.413";"2741.59";"4992.41";"6566.29";"8055.55";"9984.82";"12015.63";"15146.46";"19258.85";"27534.4";"62379.72"
"GRL";"Greenland";"2019";"35.51";"22.433";"12091.68";"25038.89";"31655.09";"36845.39";"42549.01";"49963.72";"59488.76";"71922.66";"90744.6";"151317.06"
"GTM";"Guatemala";"2019";"47.915";"39.747";"1454.3";"2449.29";"3296.87";"4144.89";"5174.62";"6256.27";"7658.09";"9734.86";"13438.43";"32925.46"
"GUY";"Guyana";"2019";"44.971";"38.602";"1427.6";"4082.54";"5703.72";"7129.64";"8594.82";"10387.04";"12519.39";"15345.09";"20564.77";"45067.2"
"HKG";"Hong Kong";"2019";"40.094";"27.572";"13203.22";"24334.19";"30254.92";"35346.74";"40556.99";"47365.82";"55477.22";"67022.64";"87745.19";"194555.11"
"HND";"Honduras";"2019";"48.849";"43.762";"695.73";"1448.83";"2027.92";"2607.32";"3360.55";"4287.59";"5388.46";"6952.86";"9676.06";"20916.51"
"HRV";"Croatia";"2019";"29.736";"15.544";"8513.96";"14436.61";"18189.69";"21299.54";"24497.41";"27783.29";"31538.58";"36496.73";"43889.96";"66715.09"
"HTI";"Haiti";"2019";"60.66";"73.532";"169.19";"439.65";"697.71";"989.7";"1318.58";"1745.81";"2345.16";"3267.25";"4942.36";"14817.87"
"HUN";"Hungary";"2019";"26.879";"12.43";"11725.96";"18586.8";"21292.62";"24316.92";"27376.87";"31055.28";"34278.13";"39486.51";"45873.6";"71544.26"
"IDN";"Indonesia";"2019";"39.045";"24.983";"3307.68";"4642.57";"5717.57";"6792.57";"8068.39";"9592.28";"11446.95";"13892.27";"17920.56";"36738.92"
"IND";"India";"2019";"51.422";"48.478";"793.13";"1698.93";"2316.26";"2947.36";"3659.03";"4518.39";"5747.02";"7586.6";"10956.93";"26915.66"
"IRL";"Ireland";"2019";"30.301";"14.94";"32078.43";"44117.41";"53386.05";"60232.64";"67425.89";"76352.45";"88225.65";"102352.15";"126965.2";"215364.18"
"IRN";"Iran";"2019";"43.985";"33.639";"2261.35";"3917.2";"5251.77";"6598.69";"7933.25";"9638.53";"11751.6";"14989.16";"20055.57";"41495.12"
"IRQ";"Iraq";"2019";"40.781";"29.396";"2134.06";"3904.64";"5259.9";"6473.72";"7709.41";"9054.46";"10607.28";"12914.64";"16588.91";"34708.77"
"ISL";"Iceland";"2019";"26.132";"11.29";"23464.21";"31996.98";"37914.61";"43208.98";"48161.78";"52829.9";"59319.83";"66777.47";"79131.1";"126552.87"
"ISR";"Israel";"2019";"38.671";"27.462";"7358.85";"13571.51";"19215.81";"24822.11";"30428.41";"36725.35";"43672.29";"52366.12";"65569.37";"112532.32"
"ITA";"Italy";"2019";"36.019";"26.116";"7483.89";"16276.02";"22508.65";"28061.13";"33485.52";"39465.11";"46555.11";"55439.01";"68551.21";"109254.69"
"JAM";"Jamaica";"2019";"47.739";"40.961";"1383.68";"2580.9";"3630.93";"4818.34";"6005.75";"7418.87";"9047.88";"11334.38";"15701.3";"35848.04"
"JOR";"Jordan";"2019";"40.041";"27.583";"2197.1";"3807.5";"4864.37";"5952.06";"6989.39";"8137.5";"9779.1";"12075.32";"15610.3";"31301.17"
"JPN";"Japan";"2019";"32.886";"18.775";"12067.19";"20294.87";"24997.66";"28988.88";"32517.96";"37013.34";"41592.74";"49491.16";"61926.97";"111334.11"
"KAZ";"Kazakhstan";"2019";"31.427";"16.101";"8864.2";"12833.24";"15346.97";"17860.7";"20506.73";"23496.74";"27174.72";"32122.79";"40166.72";"65145.24"
"KEN";"Kenya";"2019";"55.139";"56.339";"428.62";"951.01";"1352.84";"1763.61";"2259.2";"2839.63";"3585.26";"4799.69";"6969.6";"19578.27"
"KGZ";"Kyrgyzstan";"2019";"32.549";"17.398";"1713.08";"2524.82";"3030.83";"3536.85";"4032.33";"4627.95";"5307.91";"6225.07";"7674.6";"13910.21"
"KHM";"Cambodia";"2019";"34.572";"19.197";"1542.94";"2022.08";"2378.15";"2760.58";"3186.98";"3674.92";"4255.17";"5081.58";"6541.0";"12444.61"
"KIR";"Kiribati";"2019";"32.896";"17.497";"826.18";"1115.42";"1326.31";"1530.82";"1765.54";"2026.09";"2335.47";"2754.91";"3417.11";"6306.04"
"KNA";"Saint Kitts and Nevis";"2019";"48.39";"41.63";"4107.53";"8219.03";"11008.05";"13699.02";"16861.59";"20524.3";"25201.75";"32329.15";"45606.48";"108472.88"
"KOR";"Korea, Republic of";"2019";"31.688";"17.931";"11222.73";"20204.34";"25422.69";"30045.0";"34795.7";"39803.2";"45666.68";"52856.94";"64755.1";"103274.32"
"KWT";"Kuwait";"2019";"40.623";"29.593";"9124.15";"15904.93";"21937.84";"28269.9";"35449.55";"43327.23";"52351.66";"64168.18";"82765.48";"145238.46"
"LAO";"Laos";"2019";"40.44";"26.812";"2143.67";"3034.24";"3751.42";"4468.6";"5248.84";"6178.81";"7353.1";"8952.97";"11829.59";"25905.29"
"LBN";"Lebanon";"2019";"35.83";"22.066";"3643.85";"6175.52";"7829.15";"9365.71";"11004.71";"12819.32";"14707.1";"17663.15";"21746.01";"40682.31"
"LBR";"Liberia";"2019";"50.93";"45.331";"223.72";"360.6";"507.78";"653.49";"805.09";"997.9";"1268.71";"1663.16";"2307.82";"5909.38"
"LBY";"Libya";"2019";"40.045";"28.08";"3125.67";"5599.08";"7408.69";"9074.66";"10761.21";"12606.04";"14795.05";"18028.21";"23064.6";"47278.41"
"LCA";"Saint Lucia";"2019";"50.996";"49.681";"1369.17";"3390.66";"5198.63";"6885.9";"8877.19";"10838.08";"13376.59";"17875.99";"25491.52";"58704.99"
"LIE";"Liechtenstein";"2019";"32.332";"18.241";"12777.66";"21641.28";"27171.15";"32043.8";"36995.83";"42250.43";"48545.9";"56670.44";"69308.89";"116127.38"
"LKA";"Sri Lanka";"2019";"46.132";"37.027";"2204.82";"4134.04";"5393.94";"6627.59";"8084.34";"9632.97";"11785.29";"14830.05";"20092.74";"47915.48"
"LSO";"Lesotho";"2019";"58.162";"72.309";"111.25";"401.03";"654.58";"902.96";"1241.9";"1637.75";"2162.97";"2900.35";"4206.93";"11619.51"
"LTU";"Lithuania";"2019";"35.421";"22.051";"8704.14";"16206.72";"20626.68";"24083.04";"27799.56";"32593.87";"38131.49";"45155.71";"57197.23";"101163.65"
"LUX";"Luxembourg";"2019";"35.869";"22.917";"26361.5";"49071.54";"61183.37";"74818.18";"88220.01";"103952.43";"120850.61";"145672.97";"181799.98";"313252.17"
"LVA";"Latvia";"2019";"35.268";"21.717";"7541.61";"13769.62";"16806.43";"19969.26";"23256.13";"27132.15";"31907.41";"38140.05";"48000.65";"83598.03"
"MAC";"Macao";"2019";"33.073";"18.914";"35558.0";"60082.67";"74338.53";"86786.03";"98807.95";"113186.43";"128918.97";"152340.06";"189795.6";"332911.25"
"MAR";"Morocco";"2019";"42.204";"30.147";"1648.4";"2596.8";"3417.23";"4177.46";"4960.26";"5931.23";"7105.44";"8904.38";"11711.93";"24921.72"
"MCO";"Monaco";"2019";"32.332";"18.241";"12777.66";"21641.28";"27171.15";"32043.8";"36995.83";"42250.43";"48545.9";"56670.44";"69308.89";"116127.38"
"MDA";"Moldova";"2019";"30.173";"14.972";"4415.1";"6432.69";"7795.21";"9170.83";"10415.45";"11908.98";"13690.75";"16009.66";"19625.59";"30800.9"
"MDG";"Madagascar";"2019";"56.355";"59.375";"145.57";"315.41";"475.54";"625.97";"776.39";"988.28";"1284.28";"1742.03";"2555.63";"7277.07"
"MDV";"Maldives";"2019";"44.692";"34.61";"3540.3";"6298.14";"8263.86";"10219.8";"12214.85";"14718.45";"17945.75";"22913.84";"31867.21";"67122.73"
"MEX";"Mexico";"2019";"45.834";"36.594";"3438.97";"6245.7";"8208.13";"10192.03";"12135.16";"14629.42";"17791.42";"22326.79";"30553.19";"71251.95"
"MHL";"Marshall Islands";"2019";"37.623";"24.259";"938.98";"1560.9";"2012.1";"2459.23";"2955.14";"3471.37";"4138.01";"5072.92";"6540.33";"11336.83"
"MKD";"North Macedonia";"2019";"33.071";"21.203";"3377.46";"7006.98";"9477.06";"11476.66";"13795.51";"16265.6";"18853.31";"21877.9";"26347.58";"39252.52"
"MLI";"Mali";"2019";"36.0";"22.479";"571.55";"986.85";"1246.72";"1499.78";"1759.81";"2022.15";"2349.5";"2758.11";"3456.93";"6565.61"
"MLT";"Malta";"2019";"28.747";"13.891";"14994.12";"22417.16";"27512.43";"32346.88";"36478.14";"41400.49";"46542.59";"53047.13";"63814.77";"100952.16"
"MMR";"Myanmar";"2019";"34.513";"19.321";"1611.92";"2163.49";"2615.21";"3033.64";"3494.87";"4022.67";"4607.52";"5411.11";"6880.38";"13556.29"
"MNE";"Montenegro";"2019";"35.401";"24.273";"3876.11";"8333.64";"11412.99";"14277.01";"17227.16";"20392.65";"23708.88";"27671.13";"33915.97";"54523.97"
"MNG";"Mongolia";"2019";"36.049";"21.297";"3755.21";"5319.88";"6571.62";"7698.18";"9100.13";"10602.21";"12392.2";"14770.5";"18813.61";"35837.23"
"MOZ";"Mozambique";"2019";"59.372";"67.627";"93.12";"223.24";"348.25";"465.61";"580.42";"738.61";"960.57";"1285.86";"1852.25";"6269.85"
"MRT";"Mauritania";"2019";"49.318";"43.25";"753.59";"1458.73";"1991.62";"2508.36";"3154.29";"3832.52";"4715.29";"5974.86";"8138.72";"20912.0"
"MSR";"Montserrat";"2019";"48.39";"41.63";"2955.85";"5914.57";"7921.6";"9858.07";"12133.91";"14769.67";"18135.65";"23264.66";"32819.28";"78059.12"
"MUS";"Mauritius";"2019";"48.112";"38.054";"5742.43";"7625.58";"9159.99";"10322.43";"12438.06";"14623.44";"18110.75";"23085.97";"35175.3";"92413.62"
"MWI";"Malawi";"2019";"54.664";"52.45";"212.48";"345.59";"482.29";"620.53";"753.13";"946.66";"1216.45";"1610.69";"2287.51";"6896.08"
"MYS";"Malaysia";"2019";"40.943";"28.226";"6482.08";"10062.59";"12903.18";"15802.13";"19098.98";"22992.67";"27937.95";"34588.48";"45473.77";"88872.8"
"NAM";"Namibia";"2019";"62.269";"75.686";"671.69";"1373.01";"1995.32";"2746.03";"3763.44";"5126.58";"7112.02";"10381.57";"16762.63";"48193.79"
"NER";"Niger";"2019";"52.344";"46.865";"206.98";"315.98";"420.09";"524.19";"630.74";"775.26";"981.02";"1285.98";"1811.39";"5292.11"
"NGA";"Nigeria";"2019";"35.541";"20.608";"1556.54";"2249.69";"2732.15";"3199.47";"3728.43";"4298.45";"5089.3";"6172.85";"7965.04";"14363.08"
"NIC";"Nicaragua";"2019";"49.188";"43.501";"709.86";"1473.72";"2073.68";"2619.38";"3219.66";"3983.64";"4747.63";"5948.18";"8240.14";"21500.76"
"NLD";"Netherlands";"2019";"28.42";"13.786";"19431.57";"30552.67";"36511.13";"41678.33";"46959.1";"52807.7";"59508.03";"67741.49";"81142.15";"131508.2"
"NOR";"Norway";"2019";"27.322";"13.523";"20510.34";"35642.39";"43306.49";"49235.36";"54906.44";"61028.64";"68310.83";"77655.24";"91704.07";"142228.31"
"NPL";"Nepal";"2019";"47.02";"38.504";"661.96";"1201.05";"1537.98";"1922.47";"2358.5";"2853.98";"3547.65";"4574.29";"6461.09";"14408.63"
"NRU";"Nauru";"2019";"34.771";"20.525";"3739.24";"6317.56";"7761.96";"8936.38";"9962.31";"11528.2";"13485.56";"15469.93";"19614.14";"38458.83"
"NZL";"New Zealand";"2019";"34.893";"20.235";"12330.35";"19094.92";"23333.48";"27272.34";"32024.66";"37205.12";"43370.3";"51376.47";"64862.79";"117908.99"
"OMN";"Oman";"2019";"39.97";"26.992";"6403.73";"9769.79";"12725.35";"15817.75";"19183.81";"22741.44";"26955.86";"32757.52";"44059.83";"83412.64"
"PAK";"Pakistan";"2019";"44.611";"33.13";"1056.73";"1632.27";"2000.24";"2410.66";"2858.83";"3406.06";"4160.87";"5293.08";"7326.34";"16832.18"
"PAN";"Panama";"2019";"50.757";"48.426";"3234.61";"6806.29";"10570.18";"14178.05";"18099.66";"22707.85";"28190.61";"37421.02";"53586.12";"119608.24"
"PER";"Peru";"2019";"44.553";"37.601";"1650.16";"3474.45";"5221.52";"6865.42";"8664.72";"10605.4";"13060.17";"16130.65";"21166.34";"41698.07"
"PHL";"Philippines";"2019";"42.084";"29.11";"2255.99";"3254.25";"4011.58";"4804.98";"5696.44";"6775.11";"8201.45";"10278.56";"13978.13";"29890.73"
"PLW";"Palau";"2019";"41.95";"29.144";"4340.61";"6698.9";"8151.46";"9364.78";"10424.3";"12885.12";"15482.65";"19549.84";"27957.63";"57436.19"
"PNG";"Papua New Guinea";"2019";"42.726";"31.776";"810.27";"1384.74";"1890.62";"2357.92";"2885.24";"3476.86";"4167.09";"5153.13";"6790.81";"14014.62"
"POL";"Poland";"2019";"30.907";"17.63";"9134.95";"16760.09";"20374.98";"23759.75";"27111.33";"30662.02";"34743.65";"39853.99";"48315.91";"81134.9"
"PRI";"Puerto Rico";"2019";"52.3";"51.571";"3516.71";"6789.68";"10619.76";"14484.65";"19498.57";"24791.04";"31615.53";"41330.0";"58634.98";"136768.53"
"PRK";"Korea, DPR";"2019";"0.0";"0.0";"17.45";"17.45";"17.45";"17.45";"17.45";"17.45";"17.45";"17.45";"17.45";"17.45"
"PRT";"Portugal";"2019";"33.46";"19.226";"9652.48";"16253.29";"20200.09";"23834.7";"27154.79";"30684.56";"35402.57";"41588.41";"51688.45";"92997.28"
"PRY";"Paraguay";"2019";"48.064";"41.682";"1729.7";"3343.76";"4692.9";"6030.12";"7657.5";"9398.41";"11656.55";"15012.23";"20462.05";"46172.06"
"PSE";"West Bank and Gaza";"2019";"44.891";"37.755";"843.96";"1668.02";"2342.24";"3229.16";"4097.35";"5134.18";"6395.87";"8163.47";"10668.1";"19912.13"
"QAT";"Qatar";"2019";"34.591";"20.317";"24226.02";"36447.54";"47229.87";"58141.14";"69577.96";"82061.11";"96128.11";"113864.58";"141458.27";"230529.9"
"ROU";"Romania";"2019";"35.946";"25.776";"4755.64";"11115.89";"15863.23";"19597.51";"23451.29";"28380.54";"32921.43";"39165.15";"48934.03";"74566.13"
"RUS";"Russia";"2019";"34.69";"20.263";"7403.71";"11618.0";"14608.83";"17519.72";"20593.83";"24076.01";"28238.3";"33815.23";"43064.77";"71167.05"
"RWA";"Rwanda";"2019";"56.97";"58.497";"246.51";"439.73";"644.05";"839.48";"1032.7";"1305.86";"1712.28";"2300.81";"3393.47";"10360.29"
"SAU";"Saudi Arabia";"2019";"34.591";"20.317";"12645.89";"19025.48";"24653.81";"30349.45";"36319.43";"42835.59";"50178.51";"59436.88";"73840.69";"120335.74"
"SDN";"Sudan";"2019";"53.46";"49.976";"607.6";"1059.59";"1427.85";"1737.71";"2114.54";"2646.26";"3341.26";"4312.58";"6024.91";"18583.7"
"SEN";"Senegal";"2019";"53.196";"49.577";"475.49";"809.34";"1092.61";"1399.48";"1760.32";"2175.1";"2738.27";"3544.24";"5095.47";"14524.29"
"SGP";"Singapore";"2019";"40.234";"30.017";"15654.63";"31396.4";"45460.88";"58843.3";"72324.12";"86887.35";"103615.38";"125361.81";"155669.07";"288902.89"
"SLB";"Solomon Islands";"2019";"39.199";"25.556";"686.94";"1051.72";"1317.98";"1562.93";"1850.49";"2154.02";"2537.44";"3069.95";"4028.48";"8349.84"
"SLE";"Sierra Leone";"2019";"51.195";"44.478";"312.55";"454.31";"599.48";"748.07";"896.66";"1101.61";"1400.5";"1827.48";"2556.76";"7154.49"
"SLV";"El Salvador";"2019";"40.58";"27.975";"1931.45";"3159.85";"4036.96";"5002.32";"5967.68";"7196.32";"8600.48";"10618.96";"14129.35";"27117.83"
"SMR";"San Marino";"2019";"32.332";"18.241";"16773.01";"28408.11";"35667.07";"42063.32";"48563.76";"55461.37";"63725.32";"74390.27";"90980.53";"152438.31"
"SOM";"Somalia";"2019";"54.812";"64.325";"54.57";"181.59";"277.56";"381.06";"488.32";"630.39";"826.09";"1095.18";"1527.04";"3943.22"
"SRB";"Serbia";"2019";"28.674";"15.2";"5111.78";"9190.85";"11532.72";"13637.99";"15486.95";"17628.78";"20191.7";"23468.55";"27843.77";"38974.68"
"SSD";"South Sudan";"2019";"59.011";"79.668";"104.48";"530.56";"985.93";"1445.47";"1942.61";"2640.28";"3559.37";"4887.86";"7039.36";"18720.09"
"STP";"Sao Tome and Principe";"2019";"55.118";"55.007";"437.46";"890.97";"1240.13";"1585.28";"2050.83";"2528.42";"3178.59";"4129.76";"6004.0";"18007.98"
"SUR";"Suriname";"2019";"57.614";"79.316";"435.06";"1530.54";"4758.58";"7137.88";"10392.75";"12772.04";"15798.5";"22346.31";"35042.21";"80153.59"
"SVK";"Slovakia";"2019";"24.983";"11.745";"10225.17";"18072.92";"22156.97";"25636.96";"28574.19";"31575.28";"35246.82";"39556.9";"45622.93";"62607.81"
"SVN";"Slovenia";"2019";"25.434";"10.835";"15431.23";"22203.67";"26407.85";"30069.11";"33301.95";"37002.14";"40975.01";"46856.35";"54607.43";"82612.12"
"SWE";"Sweden";"2019";"29.843";"15.939";"14862.47";"26904.41";"33823.29";"38579.74";"43283.32";"48832.46";"56284.16";"65532.74";"77740.85";"122662.23"
"SWZ";"Eswatini";"2019";"64.994";"92.594";"232.42";"937.17";"1659.39";"2330.02";"3224.2";"4307.53";"5872.34";"8494.69";"14392.83";"45078.63"
"SXM";"Sint Maarten (Dutch part)";"2019";"48.39";"41.63";"5184.08";"10373.19";"13893.19";"17289.45";"21280.9";"25903.59";"31806.96";"40802.42";"57559.65";"136902.93"
"SYC";"Seychelles";"2019";"32.111";"18.103";"7126.69";"12316.36";"15848.48";"19051.31";"22392.2";"26230.07";"30316.44";"34872.19";"41830.06";"66127.39"
"SYR";"Syria";"2019";"35.316";"20.442";"1181.03";"1678.91";"2064.87";"2450.83";"2836.78";"3265.2";"3817.11";"4639.2";"5746.9";"10864.69"
"TCA";"Turks and Caicos Islands";"2019";"48.39";"41.63";"4200.6";"8405.26";"11257.47";"14009.42";"17243.65";"20989.35";"25772.78";"33061.69";"46639.85";"110930.72"
"TCD";"Chad";"2019";"52.571";"48.145";"235.6";"377.91";"521.8";"668.85";"815.9";"1021.46";"1313.98";"1729.84";"2450.87";"6660.05"
"TGO";"Togo";"2019";"56.124";"57.868";"214.16";"402.88";"604.32";"816.36";"1015.68";"1310.42";"1719.66";"2323.98";"3367.22";"9444.33"
"THA";"Thailand";"2019";"37.038";"22.808";"4926.85";"7297.67";"8983.17";"11076.16";"13354.36";"15873.36";"18985.05";"23300.68";"29542.59";"51194.81"
"TJK";"Tajikistan";"2019";"35.929";"22.519";"832.05";"1463.26";"1886.46";"2288.14";"2707.76";"3163.23";"3726.3";"4457.94";"5662.98";"9625.98"
"TKM";"Turkmenistan";"2019";"40.964";"29.568";"2933.83";"5433.01";"7218.15";"8925.67";"10695.28";"12682.21";"15367.67";"19108.69";"25271.28";"47748.43"
"TLS";"Timor-Leste";"2019";"33.026";"17.606";"1306.55";"1743.28";"2063.55";"2376.54";"2725.92";"3093.5";"3544.79";"4192.6";"5255.31";"9964.71"
"TON";"Tonga";"2019";"39.101";"26.044";"1451.75";"2334.32";"3063.39";"3824.45";"4547.13";"5340.16";"6305.86";"7776.8";"10239.03";"18898.39"
"TTO";"Trinidad and Tobago";"2019";"40.134";"27.938";"5348.32";"8860.34";"11829.01";"14876.66";"18182.58";"21927.58";"26421.57";"32284.42";"41349.88";"77198.5"
"TUN";"Tunisia";"2019";"39.42";"26.151";"2754.56";"4286.14";"5429.11";"6686.37";"7966.5";"9383.78";"11166.82";"13955.66";"18001.78";"34540.55"
"TUR";"Turkiye";"2019";"43.463";"33.035";"5437.72";"9523.05";"12537.75";"15355.22";"18482.61";"21976.27";"26315.18";"32739.01";"43332.7";"96272.98"
"TUV";"Tuvalu";"2019";"40.146";"27.55";"937.96";"1516.15";"1961.57";"2488.37";"2993.75";"3537.68";"4270.05";"5186.59";"6852.64";"13002.89"
"TWN";"Taiwan";"2019";"31.49";"16.321";"16690.62";"24381.29";"29244.27";"33961.09";"38677.91";"44189.13";"50693.38";"59580.86";"74178.16";"124970.84"
"TZA";"Tanzania";"2019";"54.871";"52.976";"354.69";"616.04";"837.38";"1056.06";"1320.08";"1637.43";"2064.12";"2733.49";"3970.9";"12014.03"
"UGA";"Uganda";"2019";"56.253";"57.035";"246.3";"440.29";"640.81";"834.8";"1033.15";"1317.95";"1720.46";"2299.51";"3333.38";"9962.37"
"UKR";"Ukraine";"2019";"30.334";"15.427";"4097.89";"6307.41";"7771.86";"9056.47";"10341.07";"11792.68";"13436.97";"15620.8";"19179.16";"30483.68"
"URY";"Uruguay";"2019";"40.194";"27.197";"5392.17";"8177.64";"10617.92";"13105.41";"15800.2";"18863.5";"22917.2";"28283.74";"37128.16";"70041.4"
"USA";"United States";"2019";"41.36";"31.074";"10908.45";"21423.1";"28496.37";"35698.76";"43339.54";"52170.29";"62942.54";"77597.82";"100833.33";"192898.54"
"UZB";"Uzbekistan";"2019";"36.85";"23.676";"1654.66";"3029.86";"3912.34";"4669.81";"5419.92";"6302.4";"7368.74";"8832.19";"11457.58";"20833.97"
"VCT";"Saint Vincent and the Grenadines";"2019";"48.094";"42.408";"1576.35";"3326.7";"4814.95";"6048.08";"7619.62";"9461.22";"11212.3";"14618.72";"20033.29";"46180.48"
"VEN";"Venezuela";"2019";"37.448";"23.674";"1950.45";"2886.26";"3899.82";"4757.78";"5693.74";"6707.69";"7955.63";"9749.55";"12323.43";"21916.98"
"VGB";"British Virgin Islands";"2019";"48.39";"41.63";"5678.74";"11362.99";"15218.86";"18939.2";"23311.51";"28375.29";"34841.96";"44695.76";"63051.95";"149966.11"
"VNM";"Vietnam";"2019";"36.409";"22.464";"2043.83";"3193.45";"4190.23";"5139.25";"6048.06";"6972.97";"8115.02";"9836.14";"12433.91";"22438.92"
"VUT";"Vanuatu";"2019";"36.098";"21.712";"875.27";"1295.76";"1638.58";"1961.57";"2336.46";"2733.05";"3168.95";"3752.96";"4720.65";"8889.15"
"WSM";"Samoa";"2019";"40.433";"27.09";"1703.47";"2551.89";"3214.71";"3817.89";"4474.08";"5223.08";"6151.04";"7470.06";"9902.64";"21807.02"
"XKX";"Kosovo";"2019";"42.538";"38.179";"981.47";"3271.56";"5110.4";"6655.93";"8020.96";"9792.11";"11822.73";"14767.14";"18839.66";"33922.67"
"YEM";"Yemen";"2019";"39.616";"26.402";"602.49";"943.9";"1217.53";"1476.09";"1747.21";"2048.46";"2425.01";"2982.31";"3865.96";"7784.64"
"ZAF";"South Africa";"2019";"66.918";"91.45";"699.74";"1439.73";"2152.23";"3043.29";"4277.05";"5935.78";"8718.61";"13365.79";"23743.12";"73724.32"
"ZMB";"Zambia";"2019";"66.506";"104.033";"44.96";"278.54";"567.4";"849.38";"1244.84";"1726.26";"2420.9";"3493.79";"5601.76";"18476.53"
"ZWE";"Zimbabwe";"2019";"57.668";"60.312";"388.57";"689.98";"976.87";"1267.39";"1666.85";"2128.05";"2774.46";"3816.69";"5763.17";"16828.31"
"region_wb-east_asia_and_the_pacific";"East Asia and the Pacific";"2019";"49.002";"47.955";"2175.13";"4399.53";"6018.09";"7806.73";"9834.29";"12703.49";"16588.46";"22182.97";"30818.29";"61136.87"
"region_wb-europe_and_central_asia";"Europe and Central Asia";"2019";"41.55";"32.918";"5049.25";"10641.96";"15249.45";"19964.38";"25101.11";"30742.09";"37303.2";"45787.8";"58628.65";"103238.45"
"region_wb-latin_america_and_the_caribbean";"Latin America and the Caribbean";"2019";"50.69";"50.567";"1413.45";"3503.68";"5346.72";"7017.14";"9115.83";"11381.22";"13902.34";"18214.52";"25360.59";"59112.82"
"region_wb-middle_east_and_north_africa";"Middle East and North Africa";"2019";"54.471";"54.064";"1704.29";"3522.85";"5067.06";"6527.6";"8052.39";"9913.28";"12444.2";"16703.78";"27322.18";"69259.01"
"region_wb-north_america";"North America";"2019";"40.787";"30.032";"10980.09";"21471.17";"28334.48";"35016.98";"42575.72";"50777.02";"60636.65";"74311.45";"97004.49";"171298.44"
"region_wb-south_asia";"South Asia";"2019";"51.449";"48.143";"756.99";"1577.72";"2141.14";"2713.38";"3369.71";"4153.79";"5232.11";"6947.06";"9973.53";"23047.77"
"region_wb-sub_saharan_africa";"Sub-Saharan Africa";"2019";"61.933";"77.297";"218.99";"515.19";"824.67";"1187.2";"1641.32";"2210.7";"2961.58";"4057.7";"6110.98";"19195.07"